limited	m	0.00929
managed	m	0.00244
consolidated	m	0.01711
real-time	m	0.00244
dynamic	m	0.00244
focus	m	0.00488
existing	m	0.00244
laura	m	0.02037
manager	m	0.01611
llc	m	0.01010
colleen	m	0.00244
issues	m	0.01711
marcos	m	0.04035
electricity	m	0.00929
show	m	0.00806
thursday	m	0.33286
breakout	m	0.00929
under	m	0.03449
include	m	0.00244
presentation	m	0.01355
resources	m	0.04077
brown	m	0.02037
street	m	0.01010
risk	m	0.00929
outside	m	0.00488
far	m	0.01355
trading	m	0.00588
consolidation	m	0.00244
results	m	0.00244
shoot	m	0.37447
updates	m	0.08097
fall	m	0.00488
affect	m	0.00244
exact	m	0.00244
arrange	m	0.00244
entire	m	0.01010
level	m	0.04733
positions	m	0.02689
list	m	0.05128
solution	m	0.00488
things	m	0.00488
deals	m	0.01223
p	m	0.00603
small	m	0.00929
round	m	0.02139
says	m	0.01010
rents	m	0.01010
neal	m	0.02037
ted	m	0.02037
likely	m	0.00776
cost	m	0.00929
design	m	0.00244
enclosed	m	0.01010
follow	m	0.05446
incrementally	m	0.00244
click	m	0.27234
even	m	0.04281
index	m	0.00244
appear	m	0.00244
richard	m	0.00979
current	m	0.00244
waiting	m	0.02139
above	m	0.00488
net	m	0.00639
multifamily	m	0.01010
rangel	m	0.02132
hours	m	0.00929
desired	m	0.01355
groups	m	0.02139
address	m	0.06809
active	m	0.11983
layout	m	0.00244
implicit	m	0.00244
change	m	0.00979
105	m	0.06809
box	m	0.00929
buck	m	0.02783
involved	m	0.00244
changed	m	0.00244
35	m	0.38377
34	m	0.00244
prior	m	0.00244
gorny	m	0.02037
suggestion	m	0.02139
12-month	m	0.02016
options	m	0.01467
origination	m	0.15767
secure	m	0.01010
brought	m	0.00244
conflicts	m	0.02037
names	m	0.15767
total	m	0.00244
market	m	0.00244
takes	m	0.04281
working	m	0.02139
objectives	m	0.00244
generate	m	0.01854
call	m	0.01566
dns	m	0.06809
strike	m	0.00244
scope	m	0.01223
themselves	m	0.00588
airam	m	0.02037
successful	m	0.59915
company	m	0.06809
benchmark	m	0.00244
phone	m	0.06977
flag	m	0.00244
particular	m	0.00244
known	m	0.01010
90	m	0.13616
effort	m	0.00244
folder	m	0.10892
must	m	0.00929
customer	m	0.04637
topic	m	0.02037
room	m	0.01010
vladimir	m	0.02037
phillip	m	0.05945
package	m	0.01010
installing	m	0.00929
alix	m	0.00244
values	m	0.00244
drill	m	0.00732
mr	m	0.09077
following	m	0.05128
strategies	m	0.05548
example	m	0.08810
point	m	0.00732
kenny	m	0.00244
tab	m	0.00244
give	m	0.00929
high	m	0.00244
currency	m	0.00244
documenting	m	0.00244
scheduling	m	0.08810
exclude	m	0.00244
ena	m	0.02774
needs	m	0.00244
productive	m	0.02139
requirements	m	0.01208
goal	m	0.00244
turn	m	0.02139
discussion	m	0.02139
1	m	0.07315
varies	m	0.00929
hou	m	0.09009
mmcf	m	0.01854
gate	m	0.06809
speaks	m	0.02139
105891	m	0.06809
hurdles	m	0.00929
attend	m	0.02037
fw	m	0.00929
earlier	m	0.01010
tied	m	0.00244
lay	m	0.00244
president	m	0.01010
truly	m	0.00929
hoc	m	0.00244
short	m	0.01010
natural	m	0.00929
commodity	m	0.00929
austin	m	0.01644
explicit	m	0.00244
allow	m	0.00244
suggest	m	0.02139
order	m	0.00488
office	m	0.02774
sanchez	m	0.08097
september	m	0.00929
developed	m	0.00929
raised	m	0.00244
perlman	m	0.00244
entity	m	0.09077
held	m	0.02139
scott	m	0.01290
134	m	0.01010
25	m	0.01010
group	m	0.05579
21	m	0.00929
23	m	0.04077
lavorato	m	0.08097
ticker	m	0.00732
ll	m	0.00488
denver	m	0.02774
better	m	0.01355
traveling	m	0.02139
403	m	0.00929
severude	m	0.00244
mail	m	0.01010
main	m	0.00244
might	m	0.02139
uom	m	0.00244
araceli	m	0.02037
similar	m	0.01010
demographics	m	0.02016
break	m	0.00488
try	m	0.02711
instead	m	0.00244
foot	m	0.02016
investor	m	0.02016
hall	m	0.05548
term	m	0.00776
several	m	0.01010
severson	m	0.00244
drop	m	0.05446
l	m	0.00732
capability	m	0.00244
lucci	m	0.02774
each	m	0.00979
requests	m	0.00732
higher	m	0.01010
side	m	0.15767
consolidate	m	0.00244
everyone	m	0.08810
financial	m	0.00488
proposing	m	0.00929
formulate	m	0.00488
doing	m	0.00929
energy	m	0.06977
allan	m	0.00732
wednesday	m	0.01290
static	m	0.06809
happen	m	0.00244
teams	m	0.00244
713-853-7107	m	0.09077
really	m	0.00244
category	m	0.15767
large	m	0.00929
shown	m	0.00244
accomplish	m	0.00244
jackson	m	0.02774
rr	m	0.02016
presenter	m	0.02139
tomorrow	m	0.00244
hayden	m	0.02037
7	m	0.00929
rc	m	0.06809
505-220-4129	m	0.00929
triangle	m	0.05446
frank	m	0.06224
million	m	0.49930
albuquerque	m	0.00929
free	m	0.02037
rows	m	0.00732
240	m	0.01854
members	m	0.15767
x	m	0.01290
bieniawski	m	0.02774
keith	m	0.05128
248	m	0.06809
additional	m	0.00929
onsite	m	0.00929
prepare	m	0.02139
seasonal	m	0.00929
isp	m	0.06809
honest	m	0.02139
conversation	m	0.00929
american	m	0.00929
w	m	0.01010
sagewood	m	0.01010
retail	m	0.00929
8725	m	0.00929
stimulate	m	0.02139
exotic	m	0.00244
respond	m	0.01010
initial	m	0.00244
feel	m	0.02037
number	m	0.06977
misplace	m	0.05446
parallon	m	0.00929
directly	m	0.00244
frwy	m	0.00929
open	m	0.05446
george	m	0.02016
priority	m	0.00244
ermis	m	0.08097
jet	m	0.02139
top	m	0.00244
whitt	m	0.02774
180	m	0.01854
2	m	0.03658
too	m	0.04281
zarin	m	0.09077
john	m	0.06224
float-for-float	m	0.00244
lease	m	0.01010
selling	m	0.01010
way	m	0.59915
relative	m	0.00244
studies	m	0.01010
var	m	0.04077
part	m	0.00244
believe	m	0.00244
11	m	0.32895
10	m	0.14998
13	m	0.02774
12	m	0.01566
16	m	0.00714
burchfield	m	0.00732
future	m	0.00244
store	m	0.00929
505-798-6050x	m	0.00929
10th	m	0.02774
masson	m	0.02037
san	m	0.05748
westgate	m	0.04035
888	m	0.00929
curves	m	0.00244
roughly	m	0.01010
rent	m	0.02139
allen	m	0.04953
regards	m	0.02774
sell	m	0.02783
winmail	m	0.01010
storage	m	0.05548
isolate	m	0.00488
mid	m	0.00244
without	m	0.02139
kholst	m	0.08097
play	m	0.02139
sure	m	0.11983
electric	m	0.01854
price	m	0.04699
systems	m	0.00588
most	m	0.00244
75	m	0.00929
plan	m	0.01149
possible	m	0.00244
beth	m	0.00244
extremely	m	0.00244
approved	m	0.02016
stands	m	0.00244
salary	m	0.08810
don	m	0.03658
especially	m	0.02139
87113	m	0.00929
consumed	m	0.00929
later	m	0.01010
request	m	0.09077
drive	m	0.03449
face	m	0.00929
looked	m	0.01010
properly	m	0.00244
ldc	m	0.00929
thomas	m	0.02037
09	m	0.00244
golf	m	0.02139
cbpres	m	0.02016
meetings	m	0.05420
planning	m	0.00929
fine	m	0.49930
impact	m	0.00488
cell	m	0.00244
trying	m	0.00244
based	m	0.00244
behind	m	0.06977
randy	m	0.08810
equity	m	0.01010
8	m	0.06809
arteaga	m	0.02037
oct	m	0.02774
columns	m	0.00732
monica	m	0.02774
handle	m	0.00244
60-100	m	0.00929
hopefully	m	0.00244
leased	m	0.02016
spreadsheets	m	0.00244
october	m	0.02037
microturbine	m	0.03709
richards	m	0.02016
during	m	0.01854
trade	m	0.00488
tbd	m	0.00244
volatility	m	0.00244
regarding	m	0.01757
morning	m	0.42797
through	m	0.00588
fixed	m	0.03709
where	m	0.01355
view	m	0.00488
conversions	m	0.00244
requirement	m	0.01425
set	m	0.00732
questions	m	0.01290
rentrolls	m	0.05446
national	m	0.00929
correlations	m	0.00244
interruptible	m	0.00929
individual	m	0.00639
discussions	m	0.01355
11th	m	0.02037
best	m	0.00776
ability	m	0.01955
02	m	0.01757
03	m	0.01490
00	m	0.00318
01	m	0.01854
06	m	0.01490
04	m	0.03872
05	m	0.00244
08	m	0.00244
currently	m	0.00244
forecast	m	0.74893
3	m	0.02737
greg	m	0.33286
between	m	0.27102
across	m	0.00990
rita	m	0.02037
reiterate	m	0.00244
terms	m	0.00588
creating	m	0.00244
importance	m	0.00244
screen	m	0.01223
00pm	m	0.02774
burnertip	m	0.00929
received	m	0.01010
c	m	0.05446
installation	m	0.00929
peggy	m	0.00244
many	m	0.00244
trader	m	0.00488
annual	m	0.00929
quiet	m	0.02139
patti	m	0.08810
assure	m	0.00929
login	m	0.06809
comes	m	0.00929
6-8	m	0.00929
buckner	m	0.06977
kwh	m	0.02783
tuesday	m	0.23714
others	m	0.02139
period	m	0.00929
64	m	0.13616
table	m	0.02139
throughout	m	0.00488
boat	m	0.02139
255	m	0.20425
ps	m	0.00244
consuming	m	0.00244
pw	m	0.06809
addition	m	0.00244
come	m	0.00244
create	m	0.00488
romero	m	0.02037
due	m	0.00244
mark	m	0.05548
spread	m	0.00244
microturbines	m	0.02783
interest	m	0.02016
paula	m	0.49930
flexible	m	0.00244
proposal	m	0.00929
enron	m	0.14492
meeting	m	0.02829
define	m	0.00732
firm	m	0.00588
direction	m	0.00244
corresponding	m	0.00929
valuations	m	0.00488
gas	m	0.05482
hennessy	m	0.02037
sales	m	0.00929
dave	m	0.15767
164	m	0.06809
hillis	m	0.02037
rentroll	m	0.05446
those	m	0.00244
eb3270	m	0.02774
eb30c1	m	0.02037
developing	m	0.00929
harder	m	0.02037
arnold	m	0.02037
information	m	0.01010
retwell	m	0.01010
moratorium	m	0.01010
duplexes	m	0.02016
shift	m	0.00244
fun	m	0.02139
property	m	0.02016
tim	m	0.11983
supply	m	0.00929
real	m	0.00929
30	m	0.27102
ve	m	0.00244
ip	m	0.13616
thus	m	0.00244
site	m	0.07588
unit	m	0.01010
capture	m	0.00732
different	m	0.01355
grant	m	0.02037
holst	m	0.08097
same	m	0.00929
trip	m	0.06420
honeywell	m	0.02783
split	m	0.00244
units	m	0.02326
physical	m	0.01711
downs	m	0.00244
pan	m	0.00929
difficult	m	0.00244
development	m	0.00776
somewhere	m	0.02139
reporting	m	0.04077
rain	m	0.02037
desks	m	0.00244
000	m	0.01010
student	m	0.01010
opportunity	m	0.00776
collar	m	0.01854
thoughts	m	0.08810
0413	m	0.06809
dat	m	0.01010
prioritised	m	0.00244
changes	m	0.05579
customized	m	0.00244
contact	m	0.00488
solve	m	0.00244
does	m	0.00244
inability	m	0.00244
position	m	0.05377
jean	m	0.02774
monique	m	0.08097
left	m	0.00244
216	m	0.13616
opinions	m	0.02139
stores	m	0.00929
alluded	m	0.00244
42	m	0.02132
deployment	m	0.00244
product	m	0.00929
harrison	m	0.02774
using	m	0.01174
years	m	0.00929
useful	m	0.00244
paul	m	0.05548
yet	m	0.01010
infinitely	m	0.00244
pallen	m	0.04350
percent	m	0.00929
discuss	m	0.00244
kimberly	m	0.04077
add	m	0.00244
setting	m	0.00244
4	m	0.04186
save	m	0.21788
ski	m	0.04281
remaining	m	0.01010
501-3145	m	0.00929
format	m	0.02139
big	m	0.00929
grigsby	m	0.12445
calendars	m	0.02774
aggregation	m	0.00244
grid	m	0.01223
desk	m	0.09985
necessary	m	0.02139
password	m	0.11983
projects	m	0.00639
formal	m	0.02139
psf	m	0.01010
59	m	0.00244
sincerely	m	0.01010
ke9davis	m	0.06809
56	m	0.01010
50	m	0.01010
ees	m	0.09077
consensus	m	0.00488
informative	m	0.00244
traders	m	0.00979
steps	m	0.05446
either	m	0.33286
sparse	m	0.15767
martin	m	0.02037
therein	m	0.00929
because	m	0.00929
often	m	0.02139
31560	m	0.02037
requested	m	0.00244
lucy	m	0.05446
economic	m	0.00244
110	m	0.06809
303-575-6490	m	0.02774
liking	m	0.00244
transport	m	0.00806
delivered	m	0.09077
swaps	m	0.00244
bottom	m	0.00244
per	m	0.01550
instantaneous	m	0.00244
critical	m	0.00244
eliminate	m	0.00244
accessing	m	0.11983
run	m	0.00929
business	m	0.06578
schedule	m	0.08810
300	m	0.01010
302	m	0.01854
corp	m	0.04700
30-	m	0.01010
although	m	0.00244
tds	m	0.01955
sub	m	0.06809
getting	m	0.00244
column	m	0.00488
months	m	0.00244
discussed	m	0.00929
location	m	0.01566
sanmarcos	m	0.01010
monthly	m	0.00488
plus	m	0.08810
west	m	0.08470
efforts	m	0.00244
skew	m	0.00244
gamma	m	0.00488
ferc	m	0.00244
alliance	m	0.02016
tyrell	m	0.02774
inclusion	m	0.00732
communication	m	0.00244
mills	m	0.00244
mba	m	0.00929
three	m	0.00244
down	m	0.03449
services	m	0.09077
appropriate	m	0.04877
square	m	0.02016
accounts	m	0.00929
determine	m	0.00732
degen	m	0.00929
significantly	m	0.01010
america	m	0.02037
deal	m	0.02937
her	m	0.09077
measured	m	0.00244
housing	m	0.01010
flying	m	0.02139
question	m	0.01010
approximate	m	0.00244
generation	m	0.01854
window	m	0.01010
lot	m	0.00244
forward	m	0.01762
files	m	0.05446
project	m	0.01611
north	m	0.02037
revalue	m	0.00244
murphy	m	0.02037
amongst	m	0.00244
volume	m	0.00244
larry	m	0.01010
goals	m	0.00244
delta	m	0.00488
227	m	0.00929
505-798-6424	m	0.00929
ha	m	0.00244
valuation	m	0.00488
pull	m	0.00244
made	m	0.08810
whether	m	0.02139
inside	m	0.00244
official	m	0.00244
creekside	m	0.01010
below	m	0.01290
nancy	m	0.05548
russ	m	0.00244
distribution	m	0.08097
builders	m	0.01010
clear	m	0.00244
151	m	0.06809
imam	m	0.09077
ad	m	0.00244
turbines	m	0.00929
mike	m	0.12445
sale	m	0.01010
single	m	0.00732
sempra	m	0.00929
sitara	m	0.00244
ina	m	0.02132
inc	m	0.00929
hit	m	0.00244
diego	m	0.06977
nm	m	0.00929
floor	m	0.01854
na	m	0.08529
45	m	0.37447
excel	m	0.00244
detail	m	0.00929
40	m	0.01010
power	m	0.09210
grouped	m	0.00488
book	m	0.00244
5	m	0.02926
holding	m	0.02139
test	m	0.59915
mrha	m	0.02774
canada	m	0.00244
lewter	m	0.01010
monday	m	0.00244
problems	m	0.11983
peak	m	0.00929
nymex	m	0.00244
building	m	0.00244
land	m	0.02016
e	m	0.00929
bullet	m	0.00244
required	m	0.05234
curve	m	0.00488
daily	m	0.00732
parcels	m	0.01010
2000	m	0.02230
serious	m	0.01010
having	m	0.11983
